-- MySQL dump 10.13  Distrib 8.0.36, for Win64 (x86_64)
--
-- Host: 127.0.0.1    Database: bushcm
-- ------------------------------------------------------
-- Server version	8.0.42

/*!40101 SET @OLD_CHARACTER_SET_CLIENT=@@CHARACTER_SET_CLIENT */;
/*!40101 SET @OLD_CHARACTER_SET_RESULTS=@@CHARACTER_SET_RESULTS */;
/*!40101 SET @OLD_COLLATION_CONNECTION=@@COLLATION_CONNECTION */;
/*!50503 SET NAMES utf8mb4 */;
/*!40103 SET @OLD_TIME_ZONE=@@TIME_ZONE */;
/*!40103 SET TIME_ZONE='+00:00' */;
/*!40014 SET @OLD_UNIQUE_CHECKS=@@UNIQUE_CHECKS, UNIQUE_CHECKS=0 */;
/*!40014 SET @OLD_FOREIGN_KEY_CHECKS=@@FOREIGN_KEY_CHECKS, FOREIGN_KEY_CHECKS=0 */;
/*!40101 SET @OLD_SQL_MODE=@@SQL_MODE, SQL_MODE='NO_AUTO_VALUE_ON_ZERO' */;
/*!40111 SET @OLD_SQL_NOTES=@@SQL_NOTES, SQL_NOTES=0 */;

--
-- Table structure for table `bus_route`
--

DROP TABLE IF EXISTS `bus_route`;
/*!40101 SET @saved_cs_client     = @@character_set_client */;
/*!50503 SET character_set_client = utf8mb4 */;
CREATE TABLE `bus_route` (
  `id` bigint NOT NULL AUTO_INCREMENT,
  `end_time` varchar(255) DEFAULT NULL,
  `fare` varchar(255) DEFAULT NULL,
  `route_name` varchar(255) DEFAULT NULL,
  `route_number` varchar(255) DEFAULT NULL,
  `start_time` varchar(255) DEFAULT NULL,
  `headway_minutes` int DEFAULT NULL,
  `schedule_chart` text,
  `schedule_description` text,
  PRIMARY KEY (`id`)
) ENGINE=InnoDB AUTO_INCREMENT=151 DEFAULT CHARSET=utf8mb4 COLLATE=utf8mb4_0900_ai_ci;
/*!40101 SET character_set_client = @saved_cs_client */;

--
-- Dumping data for table `bus_route`
--

/*!40000 ALTER TABLE `bus_route` DISABLE KEYS */;
INSERT INTO `bus_route` VALUES (1,'20:15','5.000 VNĐ','Bến Thành - Bến Xe buýt Chợ Lớn','01','05:00',15,'[  \"5:00\", \"5:15\", \"5:30\", \"5:45\",  \"6:00\", \"6:15\", \"6:30\", \"6:45\",   \"7:00\", \"7:15\", \"7:30\", \"7:45\",  \"8:00\", \"8:15\", \"8:30\", \"8:45\",  \"9:00\", \"9:15\", \"9:30\", \"9:45\",  \"10:00\", \"10:15\", \"10:30\", \"10:45\",  \"11:00\", \"11:15\", \"11:30\", \"11:45\",  \"12:00\", \"12:18\", \"12:36\", \"12:54\",  \"13:12\", \"13:30\", \"13:45\", \"14:00\",  \"14:15\", \"14:30\", \"14:45\", \"15:00\",  \"15:15\", \"15:30\", \"15:45\", \"16:00\",  \"16:15\", \"16:30\", \"16:45\", \"17:00\",  \"17:15\", \"17:30\", \"17:45\", \"18:00\",  \"18:15\", \"18:30\", \"18:45\", \"19:03\",  \"19:21\", \"19:39\", \"19:57\", \"20:15\"]','Theo lịch trình, tuyến chạy từ 05:00 đến 20:15'),(3,'21:00','6,000 VNĐ','Bến Thành - Thạnh Xuân','03','04:00',10,'[  \"5:00\", \"5:10\", \"5:20\", \"5:30\", \"5:40\", \"5:48\",  \"5:56\", \"6:04\", \"6:12\", \"6:20\", \"6:28\", \"6:36\",   \"6:44\", \"6:51\", \"6:58\", \"7:05\", \"7:12\", \"7:19\",  \"7:26\", \"7:33\", \"7:40\", \"7:47\", \"7:54\", \"8:01\",  \"8:08\", \"8:15\", \"8:22\", \"8:29\", \"8:36\", \"8:43\",  \"8:50\", \"8:57\", \"9:04\", \"9:11\", \"9:18\", \"9:25\",  \"9:32\", \"9:39\", \"9:47\", \"9:55\", \"10:03\", \"10:11\",  \"10:19\", \"10:27\", \"10:35\", \"10:43\", \"10:51\", \"10:59\",  \"11:07\", \"11:16\", \"11:25\", \"11:34\", \"11:42\", \"11:49\",  \"11:56\", \"12:03\", \"12:10\", \"12:17\", \"12:24\", \"12:31\",  \"12:38\", \"12:45\", \"12:52\", \"12:59\", \"13:06\", \"13:13\",  \"13:20\", \"13:27\", \"13:34\", \"13:41\", \"13:48\", \"13:55\",  \"14:02\", \"14:09\", \"14:16\", \"14:23\", \"14:30\", \"14:37\",   \"14:44\", \"14:51\", \"14:58\", \"15:05\", \"15:12\", \"15:19\",  \"15:26\", \"15:33\", \"15:40\", \"15:47\", \"15:54\", \"16:01\",  \"16:08\", \"16:15\", \"16:22\", \"16:29\", \"16:36\", \"16:43\",  \"16:50\", \"16:57\", \"17:04\", \"17:11\", \"17:18\", \"17:25\",  \"17:32\", \"17:39\", \"17:46\", \"17:53\", \"18:00\", \"18:07\",  \"18:14\", \"18:21\", \"18:28\", \"18:35\", \"18:42\", \"18:49\",  \"18:56\", \"19:03\", \"19:10\", \"19:18\", \"19:26\", \"19:34\",  \"19:42\", \"19:50\", \"19:58\", \"20:06\", \"20:14\", \"20:22\",  \"20:30\", \"20:40\", \"20:50\", \"21:00\"]',''),(23,'20:30','6,000 VNĐ','Bến xe buýt Chợ Lớn - Ngã 3 Giồng - Cầu Lớn','23','04:00',14,'[  \"5:00\", \"5:14\", \"5:28\", \"5:42\", \"5:54\", \"6:06\",  \"6:18\", \"6:30\", \"6:42\", \"6:54\", \"7:06\", \"7:18\",  \"7:30\", \"7:42\", \"7:54\", \"8:06\", \"8:18\", \"8:30\",  \"8:42\", \"8:54\", \"9:06\", \"9:18\", \"9:30\", \"9:42\",  \"9:54\", \"10:06\", \"10:18\", \"10:30\", \"10:42\", \"10:54\",  \"11:06\", \"11:18\", \"11:30\", \"11:42\", \"11:54\", \"12:06\",  \"12:18\", \"12:30\", \"12:42\", \"12:54\", \"13:06\", \"13:18\",  \"13:30\", \"13:42\", \"13:54\", \"14:06\", \"14:18\", \"14:30\",  \"14:42\", \"14:54\", \"15:06\", \"15:18\", \"15:30\", \"15:42\",  \"15:52\", \"16:02\", \"16:12\", \"16:24\", \"16:36\", \"16:48\",  \"17:00\", \"17:12\", \"17:24\", \"17:36\", \"17:48\", \"18:00\",  \"18:15\", \"18:30\", \"18:45\", \"19:00\", \"19:15\", \"19:30\",  \"19:45\", \"20:00\", \"20:15\", \"20:30\"]',NULL),(24,'20:30','7,000 VNĐ','Bến Xe Miền Đông - Hóc Môn','24','04:00',NULL,NULL,NULL),(48,'20:00','6,000 VNĐ','Bến xe buýt Tân Phú - Chợ Hiệp Thành','48','04:30',15,'[   \"5:00\", \"5:15\", \"5:30\", \"5:45\", \"6:00\", \"6:10\",   \"6:20\", \"6:30\", \"6:40\", \"6:50\", \"7:00\", \"7:15\",   \"7:30\", \"7:45\", \"8:00\", \"8:15\", \"8:30\", \"8:45\",   \"9:00\", \"9:15\", \"9:30\", \"9:45\", \"10:00\", \"10:15\",   \"10:30\", \"10:45\", \"11:00\", \"11:15\", \"11:35\", \"11:55\",   \"12:15\", \"12:30\", \"12:55\", \"13:10\", \"13:25\", \"13:40\",   \"13:55\", \"14:10\", \"14:25\", \"14:40\", \"14:55\", \"15:10\",   \"15:25\", \"15:40\", \"15:55\", \"16:10\", \"16:25\", \"16:40\",   \"16:55\", \"17:10\", \"17:25\", \"17:40\", \"17:55\", \"18:10\",   \"18:25\", \"18:40\", \"18:55\", \"19:20\", \"19:40\", \"20:00\" ]',NULL),(145,'20:30','6,000 VNĐ','Bến Xe Buýt Chợ Lớn - Chợ Hiệp Thành','145','04:30 ',15,'[     \"5:00\", \"5:15\", \"5:30\", \"5:45\", \"5:57\", \"6:09\",     \"6:21\", \"6:33\", \"6:45\", \"6:57\", \"7:12\", \"7:27\",      \"7:42\", \"7:57\", \"8:12\", \"8:27\", \"8:42\", \"8:57\",     \"9:12\", \"9:27\", \"9:42\", \"9:57\", \"10:12\", \"10:25\",     \"10:37\", \"10:49\", \"11:01\", \"11:13\", \"11:25\", \"11:37\",     \"11:49\", \"12:01\", \"12:16\", \"12:31\", \"12:46\", \"13:01\",     \"13:16\", \"13:31\", \"13:46\", \"14:01\", \"14:16\", \"14:31\",     \"14:46\", \"15:01\", \"15:16\", \"15:31\", \"15:46\", \"16:01\",     \"16:16\", \"16:31\", \"16:46\", \"17:01\", \"17:13\", \"17:25\",     \"17:37\", \"17:49\", \"18:01\", \"18:15\", \"18:30\", \"18:45\",     \"19:00\", \"19:15\", \"19:30\", \"19:45\", \"20:00\", \"20:15\",     \"20:30\" ]','Theo lịch trình, tuyến chạy từ 05:00 đến 20:30, tần suất khoảng 15 phút.'),(150,'22:00','7,000 VNĐ','Bến xe buýt Chợ Lớn - Ngã 3 Tân Vạn','150',' 04:00 ',NULL,NULL,NULL);
/*!40000 ALTER TABLE `bus_route` ENABLE KEYS */;

--
-- Table structure for table `bus_stop`
--

DROP TABLE IF EXISTS `bus_stop`;
/*!40101 SET @saved_cs_client     = @@character_set_client */;
/*!50503 SET character_set_client = utf8mb4 */;
CREATE TABLE `bus_stop` (
  `id` bigint NOT NULL AUTO_INCREMENT,
  `lat` double DEFAULT NULL,
  `lng` double DEFAULT NULL,
  `name` varchar(255) DEFAULT NULL,
  `stop_order` int DEFAULT NULL,
  `route_id` bigint DEFAULT NULL,
  PRIMARY KEY (`id`),
  KEY `FKpwx1sh1ta2333d4s7vqr8d10o` (`route_id`),
  CONSTRAINT `FKpwx1sh1ta2333d4s7vqr8d10o` FOREIGN KEY (`route_id`) REFERENCES `bus_route` (`id`)
) ENGINE=InnoDB AUTO_INCREMENT=541 DEFAULT CHARSET=utf8mb4 COLLATE=utf8mb4_0900_ai_ci;
/*!40101 SET character_set_client = @saved_cs_client */;

--
-- Dumping data for table `bus_stop`
--

/*!40000 ALTER TABLE `bus_stop` DISABLE KEYS */;
INSERT INTO `bus_stop` VALUES (1,10.776784,106.705855,'Công Trường Mê Linh',1,1),(2,10.773306,106.706351,'Bến Bạch Đằng',2,1),(3,10.770887,106.705541,'Cục Hải Quan Thành Phố',3,1),(4,10.771001,106.703127,'Chợ Cũ',4,1),(5,10.771091,106.701864,'Trường Cao Thắng',5,1),(6,10.771186,106.699629,'Trạm Trung chuyển trên đường Hàm Nghi',6,1),(7,10.768789,106.695971,'Trường Ernst Thalmann',7,1),(8,10.767445,106.694764,'KTX Trần Hưng Đạo',8,1),(9,10.765812,106.693345,'Rạp Hưng Đạo',9,1),(10,10.763924,106.691714,'Bệnh viện Răng Hàm Mặt',10,1),(11,10.762281,106.690263,'Trần Đình Xu',11,1),(12,10.759458,106.687801,'Tổng Cty Samco',12,1),(13,10.757438,106.686052,'Chợ Nanci',13,1),(14,10.755864,106.682849,'Nguyễn Biểu',14,1),(15,10.755584,106.681814,'Trường Cao đẳng Kinh tế Đối ngoại',15,1),(16,10.755046,106.679811,'Trần Bình Trọng',16,1),(17,10.754506,106.677879,'Bệnh viện Chấn thương Chỉnh hình',17,1),(18,10.754,106.675803,'Rạp Đồng Tháp',18,1),(19,10.753536,106.674258,'Rạp Đống Đa',19,1),(20,10.752937,106.671496,'Đồng Khánh',20,1),(21,10.753001,106.668604,'Nhà Văn hóa Quận 5',21,1),(22,10.752449,106.666211,'Ngô Quyền',22,1),(23,10.752339,106.663728,'Tản Đà',23,1),(24,10.752065,106.6606,'Triệu Quang Phục',24,1),(25,10.751256,106.658961,'Bưu điện Quận 5',25,1),(26,10.750884,106.658543,'Hải Thượng Lãn Ông',26,1),(27,10.751085,106.655037,'Chợ Kim Biên',27,1),(28,10.75133,106.652672,'Bến xe buýt Chợ Lớn',28,1),(145,10.751188,106.650934,'Bến xe buýt Chợ Lớn - B',1,145),(146,10.75375,106.649306,'Cây Mai',2,145),(147,10.753986,106.646755,'Lò Siêu',3,145),(148,10.754252,106.644359,'Cây Gõ',4,145),(149,10.755362,106.643469,'Cây Gõ',5,145),(150,10.757457,106.643925,'UBND phường 2',6,145),(151,10.759712,106.644309,'Trường Tiểu học Thái Phiên',7,145),(152,10.761843,106.644704,'Đội Cung',8,145),(153,10.763865,106.645025,'Công an Phường 10',9,145),(154,10.76455,106.642329,'Trường Phùng Hưng',10,145),(155,10.767476,106.643024,'Trường Lê Quý Đôn',11,145),(156,10.770385,106.645151,'Trạm Đăng Kiểm',12,145),(157,10.773811,106.647567,'Âu Cơ',13,145),(158,10.775309,106.64852,'Ngã Tư Âu Cơ',14,145),(159,10.778216,106.649947,'Chùa Giác Lâm',15,145),(160,10.781037,106.650156,'Ni sư Huỳnh Liên',16,145),(161,10.784344,106.651046,'Công Thọ',17,145),(162,10.788345,106.651937,'Cây xăng Lạc Long Quân',18,145),(163,10.792087,106.653045,'Bệnh viện Thống Nhất',19,145),(164,10.79456,106.655094,'Bệnh viện Quận Tân Bình',20,145),(165,10.798511,106.659273,'Nhà hàng Đông Phương',21,145),(166,10.801112,106.659104,'Siêu thị Maximark Cộng Hòa',22,145),(167,10.801309,106.656802,'Nhà hát Quân Đội',23,145),(168,10.801459,106.65475,'Ngân hàng Quân đội',24,145),(169,10.801773,106.651146,'Công ty Lô Hội',25,145),(170,10.802152,106.646996,'Ngã tư Hoàng Hoa Thám',26,145),(171,10.802255,106.644408,'Ngã ba Bình Giã',27,145),(172,10.802542,106.640953,'ETown',28,145),(173,10.806195,106.636305,'Thượng Uyển',29,145),(174,10.808204,106.634639,'Mũi tàu Cộng Hòa',30,145),(175,10.812218,106.633574,'Ngã ba Chế Lan Viên',31,145),(176,10.818376,106.631563,'UBND Phường 15',32,145),(177,10.822383,106.630313,'Khu Công Nghiệp Tân Bình',33,145),(178,10.826886,106.625903,'Cầu Tham Lương - Siêu thị Thiên Hòa',34,145),(179,10.828604,106.624589,'Chùa Vĩnh Phước',35,145),(180,10.834646,106.620737,'Chùa Lạc Quang',36,145),(181,10.838215,106.618409,'Bitis',37,145),(182,10.84607,106.613377,'Bến xe An Sương',38,145),(183,10.849338,106.611285,'Cây xăng Quân Đội',39,145),(184,10.854636,106.6079,'Trung tâm Văn hóa Quận 12',40,145),(185,10.855804,106.607627,'Trung tâm Văn hóa Quận 12',41,145),(186,10.858221,106.60922,'Trường CĐ Giao thông vận tải',42,145),(187,10.861223,106.611175,'Giáo xứ Trung Chánh',43,145),(188,10.864075,106.613179,'Trung Mỹ - Tân Xuân',44,145),(189,10.866629,106.615046,'Trường Nguyễn Hữu Cầu',45,145),(190,10.868287,106.616698,'Tô Ký',46,145),(191,10.870008,106.618425,'Bùi Văn Ngữ',47,145),(192,10.872928,106.621083,'Tân Chánh Hiệp 10',48,145),(193,10.875371,106.623342,'Tân Chánh Hiệp 07',49,145),(194,10.877303,106.625029,'Tân Chánh Hiệp 39',50,145),(195,10.878837,106.626346,'Trường Tiểu học Nguyễn Trãi',51,145),(196,10.88229,106.628709,'Cây xăng Sài Gòn Petro',52,145),(197,10.88278,106.630251,'Ngã ba Đông Quang',53,145),(198,10.881394,106.632786,'KCN Tân Thới Hiệp',54,145),(199,10.880479,106.634443,'Hiệp Thành 11',55,145),(200,10.878187,106.638604,'Nhà Văn hóa Lao động Quận 12',56,145),(201,10.877161,106.640873,'Trường Mầm non Họa Mi 2',57,145),(202,10.877635,106.641887,'Bến xe buýt Hiệp Thành',58,145),(258,10.767673,106.689552,'Bến xe buýt Sài Gòn',1,3),(259,10.767666,106.690866,'Tôn Thất Tùng',2,3),(260,10.768795,106.693699,'Nguyễn Thị Nghĩa',3,3),(261,10.769568,106.695692,'Trường Emst Thalmann',4,3),(262,10.7708974,106.7003947,'Trạm Trung chuyển trên đường Hàm Nghi',5,3),(263,10.7708611,106.7015057,'Nam Kỳ Khởi Nghĩa',6,3),(264,10.7708361,106.7019523,'Chợ Cũ',7,3),(265,10.7707776,106.7030582,'Giao lộ Hàm Nghi - Tôn Thất Đạm',8,3),(266,10.7707209,106.7040322,'Hồ Tùng Mậu',9,3),(267,10.774068,106.7066444,'Bến Bạch Đằng',10,3),(268,10.7760722,106.7056997,'Công Trường Mê Linh',11,3),(269,10.7780395,106.7035068,'Nhà Hát Thành Phố',12,3),(270,10.7798555,106.701527,'Bệnh viện Nhi Đồng 2',13,3),(271,10.7806054,106.7006741,'Bưu Điện Thành Phố',14,3),(272,10.784299,106.6964768,'Sở Công Thương',15,3),(273,10.7874018,106.6926157,'Công viên Lê Văn Tám',16,3),(274,10.7892203,106.6903304,'Nhà thờ Tân Định',17,3),(275,10.7904513,106.6887854,'Chợ Tân Định',18,3),(276,10.7936117,106.6847791,'Cầu Kiệu',19,3),(277,10.7950253,106.6830314,'Chợ Phú Nhuận',20,3),(278,10.7978974,106.6808892,'Trường Cao đẳng Kinh tế Đối ngoại',21,3),(279,10.7997538,106.680097,'Ngã tư Phú Nhuận',22,3),(280,10.8022474,106.6791754,'Nhà Truyền Thông',23,3),(281,10.8051009,106.6787217,'Ngã ba Hồ Văn Huê',24,3),(282,10.8070805,106.6784961,'Coop Mart Nguyễn Kiệm',25,3),(283,10.8103396,106.6785381,'Chùa Vạn Hạnh',26,3),(284,10.8124847,106.6786928,'Trường Cao đẳng Hải Quan',27,3),(285,10.8162398,106.6804333,'Cầu vượt Nguyễn Thái Sơn - Nguyễn Kiệm',28,3),(286,10.8196997,106.6831117,'Ngã ba Phạm Ngũ Lão',29,3),(287,10.8245516,106.6812196,'Cầu vượt ngã sáu Gò Vấp',30,3),(288,10.8289815,106.6787703,'Cầu vượt ngã sáu Gò Vấp',31,3),(289,10.832444,106.6767129,'Ngã tư Phan Văn Trị',32,3),(290,10.8361073,106.6755947,'Cư xá Lam Sơn',33,3),(291,10.8392755,106.6758416,'Đài Liệt sĩ',34,3),(292,10.84218,106.6767484,'Ngã tư An Nhơn',35,3),(293,10.8467986,106.6784211,'Bến Đò',36,3),(294,10.8491376,106.6787628,'Cầu An Lộc',37,3),(295,10.852622,106.6791956,'Nhà hàng Bến Xưa',38,3),(296,10.8573287,106.6798249,'Ngã tư Ga',39,3),(297,10.8652323,106.6803857,'Đình thần Giao Khẩu',40,3),(298,10.8683124,106.6782224,'Cây xăng Tài Lộc',41,3),(299,10.8713056,106.6769474,'Vườn kiểng Quang Dũng',42,3),(300,10.8753576,106.6769293,'Ga ra Thanh Hậu',43,3),(301,10.8784944,106.6781955,'Chợ Thạnh Xuân',44,3),(302,10.8808888,106.6792137,'Trường Điện lực 2',45,3),(303,10.8845895,106.68131,'Trường Nguyễn Văn Thệ',46,3),(304,10.8863295,106.6831419,'Cây xăng Thanh Bình',47,3),(305,10.888795,106.6851783,'Cầu Ông Dung',48,3),(306,10.8921392,106.6870168,'Cầu Phú Long',49,3),(307,10.8949158,106.6886265,'Chùa Báo Ấn',50,3),(308,10.8976777,106.6890857,'Chợ Đường',51,3),(309,10.8932948,106.6733033,'Thạnh Xuân',52,3),(310,10.8091261,106.6334434,'Bến xe buýt Tân Phú',1,48),(311,10.8086734,106.6340665,'Trạm Đài Liệt Sỹ',2,48),(312,10.8063153,106.6347712,'Siêu thị BigC',3,48),(313,10.8061945,106.6283314,'Trường Đại học Công Nghiệp Thực Phẩm',4,48),(314,10.8068273,106.6253141,'Nguyễn Hữu Tiến',5,48),(315,10.8074974,106.6222332,'Trạm Bờ Bao Tân Thắng',6,48),(316,10.8081889,106.6192345,'Trạm Tây Thạnh',7,48),(317,10.8089796,106.6164038,'Trạm Kênh 19/5',8,48),(318,10.8101159,106.6133658,'Trạm Đường CN 13',9,48),(319,10.8119317,106.6097188,'Công Ty bánh Givral',10,48),(320,10.8145254,106.6054087,'Gò Mây',11,48),(321,10.8158572,106.6031327,'Ngân hàng Á Châu',12,48),(322,10.8157115,106.5948355,'Công ty Bảo Châu',13,48),(323,10.8155017,106.5925022,'Nhà hàng Thịnh Phước',14,48),(324,10.8153109,106.5890407,'Công ty Gia Nguyễn',15,48),(325,10.8152331,106.5865668,'Công ty Thịnh Khang',16,48),(326,10.8147145,106.5838204,'Thép Quốc Thái',17,48),(327,10.8138705,106.5800462,'Ngã 5 Vĩnh Lộc',18,48),(328,10.8186996,106.5854951,'Trạm giữa Vĩnh Lộc',19,48),(329,10.8204915,106.5876485,'Đường liên ấp 5-6',20,48),(330,10.82236,106.5895955,'Chốt 2 KCN Vĩnh Lộc',21,48),(331,10.8243929,106.5914588,'Kho vật tư thiết bị',22,48),(332,10.8260367,106.5927084,'Công ty Cholimex',23,48),(333,10.8301623,106.5954776,'Chung cu Hoàng Hải',24,48),(334,10.8334695,106.5971187,'Bưu điện Phan Văn Đối',25,48),(335,10.8363858,106.5987459,'Nhà Hàng Ngọc Huyền',26,48),(336,10.8385008,106.5998784,'Chùa Giác Hoàng',27,48),(337,10.8399906,106.5996303,'Chợ Bà Điểm',28,48),(338,10.842002,106.5998895,'Trường Phan Công Hớn',29,48),(339,10.8464429,106.6003844,'Nguyễn Thị Sóc',30,48),(340,10.8493733,106.6021664,'Cua chữ S',31,48),(341,10.8518889,106.6042756,'Hậu Lân - Bà Điểm',32,48),(342,10.8543298,106.6064855,'Ngã tư Trung Chánh',33,48),(343,10.8558112,106.6076255,'Trung tâm Văn hóa Quận 12',34,48),(344,10.8582222,106.6092234,'Trường CĐ Giao thông vận tải',35,48),(345,10.8612257,106.6111767,'Giáo xứ Trung Chánh',36,48),(346,10.86407,106.6131809,'Trung Mỹ - Tân Xuân',37,48),(347,10.8666309,106.6150462,'Trường Nguyễn Hữu Cầu',38,48),(348,10.8662285,106.6158715,'Trường ĐH Lao động Xã hội',39,48),(349,10.8634134,106.6167691,'Doanh trại Quân Đội',40,48),(350,10.8600027,106.6175655,'Chợ Tân Chánh Hiệp',41,48),(351,10.8583509,106.6183741,'Chiếc nón Kỳ Diệu',42,48),(352,10.8565006,106.6210142,'Điện lực Hóc Môn',43,48),(353,10.856245,106.6241806,'Tân Chánh Hiệp 36',44,48),(354,10.8575603,106.6275519,'Trường mẫu giáo Nai By',45,48),(355,10.8595259,106.6305083,'Bệnh viện Quận 12',46,48),(356,10.8637263,106.6335899,'Tân Chánh Hiệp 10',47,48),(357,10.8673149,106.635406,'Huỳnh Thị Hai',48,48),(358,10.8711845,106.6373349,'Nguyễn Thị Kiểu',49,48),(359,10.871028,106.6395246,'Trần Thị Do',50,48),(360,10.86965,106.6428451,'Trường Lê Văn Thọ',51,48),(361,10.871866,106.6442072,'Trường Võ Trường Toản',52,48),(362,10.8754096,106.6461296,'Nghĩa trang Vĩnh Nghiêm',53,48),(363,10.8768366,106.6442038,'Hiệp Thành 31',54,48),(364,10.8776323,106.6418865,'Bến xe buýt Hiệp Thành',55,48),(365,10.8149424,106.7107009,'Bến xe Miền Đông',1,24),(366,10.81255,106.7091672,'Ngã Tư Nguyễn Xí',2,24),(367,10.8097232,106.7090749,'Ngã Tư Chu Văn An',3,24),(368,10.8068741,106.709341,'Cầu Đinh Bộ Lĩnh',4,24),(369,10.804432,106.709386,'Trạm xăng dầu',5,24),(370,10.8031651,106.7080886,'Nhà thờ Hàng Xanh',6,24),(371,10.8034539,106.7040522,'Chùa Bồ Đề',7,24),(372,10.803862,106.7011965,'Tòa Án nhân dân Quận Bình Thạnh',8,24),(373,10.8031521,106.6993614,'Chợ Bà Chiểu',9,24),(374,10.8035722,106.6983624,'Trường TH Nguyễn Đình Chiểu',10,24),(375,10.806561,106.6969466,'Cây Xăng 178',11,24),(376,10.8085771,106.6945788,'Ngã Tư Bình Hòa',12,24),(377,10.8099609,106.6926154,'Chùa Hưng Gia Tự',13,24),(378,10.8115993,106.6908394,'Ngã Tư Xóm Gà',14,24),(379,10.8144809,106.6896775,'Chùa Già Lam',15,24),(380,10.8173237,106.6889701,'Ngã Ba Nguyên Hồng',16,24),(381,10.8215704,106.6888169,'Trường Đại học Công nghiệp',17,24),(382,10.8252687,106.6850477,'Chùa Bà Thiên Hậu',18,24),(383,10.8263302,106.6828769,'Chi cục Thuế Quận Gò Vấp',19,24),(384,10.826823,106.6791898,'Siêu thị Văn Lang',20,24),(385,10.8280499,106.6754841,'Công ty 32',21,24),(386,10.8290789,106.6726567,'Nhà thờ Xóm Thuốc',22,24),(387,10.8310148,106.6691962,'UBND Quận Gò Vấp',23,24),(388,10.8329325,106.6667534,'VKSND Quận Gò Vấp',24,24),(389,10.8351312,106.66347,'Chùa Huỳnh Kim',25,24),(390,10.8358787,106.661043,'City Mart',26,24),(391,10.8368656,106.6571176,'Chợ Hạnh Thông Tây',27,24),(392,10.837996,106.6525617,'Trường THPT Nguyễn Công Trứ',28,24),(393,10.8384948,106.650511,'Dệt may Phương Đông',29,24),(394,10.8399431,106.6464594,'Làng SOS',30,24),(395,10.8421979,106.6433668,'Công ty Đồng Tâm',31,24),(396,10.8440328,106.6406657,'Ngã tư Cầu cống',32,24),(397,10.8454768,106.6385041,'Chợ Cầu',33,24),(398,10.8481566,106.6344553,'Chợ Cầu',34,24),(399,10.8498085,106.6322405,'Cầu vượt Quang Trung',35,24),(400,10.8527753,106.6265546,'Công viên Phần mềm Quang Trung',36,24),(401,10.8558257,106.622716,'Đông Bắc',37,24),(402,10.8567477,106.6207996,'Điện lực Hóc Môn',38,24),(403,10.8579505,106.6190881,'Chiếc nón Kỳ Diệu',39,24),(404,10.860468,106.6175498,'Chợ Tân Chánh Hiệp',40,24),(405,10.8628392,106.6170133,'Doanh trại Quân Đội',41,24),(406,10.8656102,106.6161948,'Trường ĐH Lao động Xã hội',42,24),(407,10.8680556,106.6154003,'Nghĩa trang liệt sỹ Trung Chánh',43,24),(408,10.8710698,106.6144113,'Chùa Thiên Quang',44,24),(409,10.8742095,106.6122191,'Thép Đăng Khoa',45,24),(410,10.8782179,106.6101948,'Cây Bàng',46,24),(411,10.8811783,106.608697,'Cống Đôi',47,24),(412,10.8841067,106.6067093,'Hoa viên Trúc Lâm',48,24),(413,10.8864973,106.6042849,'Sơn Thanh Phong',49,24),(414,10.887975,106.601605,'Ngã 3 Chùa',50,24),(415,10.8883193,106.5983926,'Chợ Hóc Môn',51,24),(416,10.888334,106.5943665,'Ngân hàng Nông Nghiệp',52,24),(417,10.8871879,106.5910034,'Ngân hàng BIDV',53,24),(418,10.8847552,106.5876063,'Ngã tư Hóc Môn',54,24),(419,10.8846778,106.5867538,'Ngã tư Hóc Môn',55,24),(420,10.8886008,106.5839954,'Dân Thắng',56,24),(421,10.893179,106.5807826,'Ngã ba Lam Sơn',57,24),(422,10.8956228,106.5790708,'Doanh trại Quân Đội',58,24),(423,10.8997204,106.5762073,'Ngã 3 Hồng Châu',59,24),(424,10.9036968,106.5734146,'Công ty Sakos',60,24),(425,10.9056719,106.5720129,'Cây xăng Hoàng Anh 2',61,24),(426,10.9117987,106.5677238,'Công ty thoát nước đô thị',62,24),(427,10.9169424,106.5641114,'Cầu An Hạ',63,24),(428,10.9199923,106.5620026,'Công ty Fujifilm',64,24),(429,10.9233307,106.5592754,'Công ty Fujifilm',65,24),(430,10.916243,106.5642265,'Cầu An Hạ',66,24),(431,10.9131577,106.5651665,'Bến xe buýt Hóc Môn',67,24),(432,10.7513403,106.6526763,'Bến xe buýt Chợ Lớn',1,150),(433,10.7501907,106.6524502,'Chu Văn An',2,150),(434,10.7540503,106.65673,'Thuận Kiều Plaza',3,150),(435,10.7545142,106.6590882,'Bệnh viện Chợ Rẫy',4,150),(436,10.755264,106.6629435,'Đại học Y Dược',5,150),(437,10.7556384,106.6646794,'Bệnh viện Đại học Y Dược',6,150),(438,10.7571002,106.6696007,'Công viên Văn Lang',7,150),(439,10.7587191,106.6692364,'Trường Trần Khai Nguyên',8,150),(440,10.7606196,106.6695472,'Trường Khiếm thị Nguyễn Đình Chiểu',9,150),(441,10.7629361,106.6711586,'Hòa Hảo',10,150),(442,10.7653925,106.6727801,'Đài tưởng niệm',11,150),(443,10.768772,106.6752188,'Ngã 7 Lý Thái Tổ',12,150),(444,10.7712061,106.6773431,'Cao Thắng',13,150),(445,10.7732529,106.6797477,'Cư Xá Đô Thành',14,150),(446,10.7746603,106.6813376,'Bệnh viện Bình Dân',15,150),(447,10.777081,106.6841548,'Cách Mạng tháng 8',16,150),(448,10.7782415,106.6854428,'Bệnh viện Mắt TPHCM',17,150),(449,10.7802465,106.6875796,'Sở Khoa học và Công nghệ',18,150),(450,10.7828454,106.690229,'Trường Marie Curie',19,150),(451,10.7850268,106.6924163,'Phạm Ngọc Thạch',20,150),(452,10.7869042,106.6941735,'Công Viên Lê Văn Tám',21,150),(453,10.789511,106.6967242,'Đinh Tiên Hoàng',22,150),(454,10.7951078,106.702508,'Cầu Điện Biên Phủ',23,150),(455,10.797252,106.7045256,'Trạm Điện Nguyễn Cửu Vân',24,150),(456,10.7999266,106.7075657,'Đại học Hồng Bàng',25,150),(457,10.8009117,106.7099161,'Vòng xoay Hàng Xanh',26,150),(458,10.8008422,106.7142581,'Đại học Hutech',27,150),(459,10.7995636,106.7174018,'Khu Du lịch Văn Thánh',28,150),(460,10.7984179,106.7193338,'Cầu Sài Gòn',29,150),(461,10.7998702,106.7339353,'Cầu Đen',30,150),(462,10.8008158,106.7386007,'Thảo Điền',31,150),(463,10.8016372,106.7431871,'Metro Quận 2',32,150),(464,10.8025627,106.748013,'Cát Lái',33,150),(465,10.8191785,106.7583252,'Xi măng hà tiên - trạm thu phí',34,150),(466,10.8259513,106.7609095,'Ngã 4 Tây Hòa (RMK)',35,150),(467,10.8301673,106.7631907,'Trạm xây dựng',36,150),(468,10.8330527,106.764804,'Khu QLGTDT số 2',37,150),(469,10.836959,106.7670251,'Ngã 4 Bình Thái',38,150),(470,10.8405988,106.7690587,'UBND quận 9',39,150),(471,10.8438731,106.7709251,'Bê tông Hải Âu',40,150),(472,10.8459044,106.7720973,'Ga metro Thủ Đức',41,150),(473,10.847313,106.7729745,'Ngã 4 Thủ Đức',42,150),(474,10.8497868,106.7750322,'Công an Quận 9',43,150),(475,10.8509667,106.7765447,'Chợ chiều',44,150),(476,10.8562647,106.785349,'Trạm Hutech - Khu Công nghệ cao',45,150),(477,10.8583246,106.7888257,'Khu Công nghệ cao quận 9',46,150),(478,10.863628,106.797719,'Cầu Vượt Trạm 2',47,150),(479,10.8660736,106.802198,'Suối Tiên',48,150),(480,10.8713269,106.8090956,'Nghĩa trang liệt sĩ Tp.HCM',49,150),(481,10.8704038,106.8129463,'Ngã ba Lâm Viên 1',50,150),(482,10.8718787,106.8145223,'Đường Hoàng Hữu Nam',51,150),(483,10.8785678,106.8149833,'Bến xe Miền Đông mới',52,150),(484,10.7511824,106.6509512,'Bến xe buýt Chợ Lớn - B',1,23),(485,10.7517599,106.6506496,'Nguyễn Thị Nhỏ',2,23),(486,10.7533307,106.6523292,'Bến xe Chợ Lớn',3,23),(487,10.7545869,106.6538598,'Tạ Uyên',4,23),(488,10.7580005,106.6536331,'Trạm Trần Quý - Tạ Uyên',5,23),(489,10.7625335,106.6537785,'Chợ Phú Thọ',6,23),(490,10.7630668,106.6507447,'Công viên Lãnh Binh Thăng',7,23),(491,10.7638188,106.6493551,'Nhà văn hóa Quận 11',8,23),(492,10.7651579,106.6469229,'Chợ Lãnh Binh Thăng',9,23),(493,10.7665711,106.6430688,'Tòa án nhân dân Quận 11',10,23),(494,10.7671983,106.6411708,'Bãi xe buýt Đầm Sen',11,23),(495,10.7684025,106.6391689,'Trường Hòa Bình',12,23),(496,10.7701869,106.6377957,'Ngã 3 Khuông Việt - Hòa Bình',13,23),(497,10.7729072,106.6376121,'Trạm chùa',14,23),(498,10.7764093,106.6395763,'Trạm cầu số 2',15,23),(499,10.7776831,106.6414411,'Trạm Lê Ngã',16,23),(500,10.7809252,106.6426611,'Âu Cơ',17,23),(501,10.7829954,106.6427143,'Bệnh Viện Tân Phú',18,23),(502,10.7852247,106.6419822,'Ngã tư Thoại Ngọc Hầu',19,23),(503,10.7872481,106.6411615,'Bàu Cát 8',20,23),(504,10.7917664,106.6416112,'Chợ Bàu Cát',21,23),(505,10.7934674,106.6422851,'Bàu Cát 2',22,23),(506,10.7970254,106.6434509,'Ngã ba Trường Chinh',23,23),(507,10.7995857,106.6410192,'Ngã ba Ấp Bắc',24,23),(508,10.8014473,106.6376354,'Chợ Võ Thành Trang',25,23),(509,10.804763,106.6355732,'Ngã tư Tân Kỳ Tân Quý',26,23),(510,10.8060668,106.6351822,'Siêu thị Big C',27,23),(511,10.8081911,106.6346364,'Mũi tàu Cộng Hòa',28,23),(512,10.8121668,106.6334489,'Ngã ba Chế Lan Viên',29,23),(513,10.8183679,106.6315617,'UBND Phường 15',30,23),(514,10.8223716,106.6303178,'Khu Công Nghiệp Tân Bình',31,23),(515,10.8268731,106.6259108,'Cầu Tham Lương - Siêu thị Thiên Hòa',32,23),(516,10.827626,106.6235418,'Công ty thời trang Sài Gòn',33,23),(517,10.8284452,106.6196644,'Công ty Thuận Kiều',34,23),(518,10.8294199,106.6160222,'Chùa Bửu Tạng',35,23),(519,10.8317554,106.6113576,'Trường Nghệ thuật và Du Lịch',36,23),(520,10.8338988,106.6079345,'Nhà sách Nhân Văn',37,23),(521,10.8349639,106.6062836,'Ngã tư Bà Điểm',38,23),(522,10.8373437,106.602809,'Nguyễn Văn Cừ',39,23),(523,10.8399906,106.5996303,'Chợ Bà Điểm',40,23),(524,10.8408368,106.5985521,'Đình Tân Thới Nhất',41,23),(525,10.8420196,106.5969883,'Cây xăng Tây Lân',42,23),(526,10.8461592,106.5924094,'Kênh tiêu Bà Điểm',43,23),(527,10.8484662,106.5894443,'Chợ Đại Hải',44,23),(528,10.8515161,106.5857737,'Phạm Văn Sáng',45,23),(529,10.8547872,106.5818673,'Xuân Thới Thượng 28',46,23),(530,10.857595,106.5785025,'Trường Xuân Thới Thượng',47,23),(531,10.8602508,106.5753431,'Trường tiểu học Ngã 3 Giồng',48,23),(532,10.8632808,106.5689534,'Chợ Xuân Thới Thượng',49,23),(533,10.8648351,106.5656232,'Xuân Thới Thượng 14',50,23),(534,10.8662481,106.562488,'Dương Công Khi',51,23),(535,10.867588,106.5594838,'Ngã 3 Giồng',52,23),(536,10.8695445,106.5508121,'Trường PTTH Nguyễn Văn Cừ',53,23),(537,10.8700655,106.5467411,'Thái Sơn',54,23),(538,10.8707924,106.5417271,'Lò Muối',55,23),(539,10.871176,106.5389933,'Trường tiểu học Nhị Xuân',56,23),(540,10.8718913,106.5355802,'Bến xe buýt Cầu Lớn',57,23);
/*!40000 ALTER TABLE `bus_stop` ENABLE KEYS */;

--
-- Table structure for table `bus_stop_return`
--

DROP TABLE IF EXISTS `bus_stop_return`;
/*!40101 SET @saved_cs_client     = @@character_set_client */;
/*!50503 SET character_set_client = utf8mb4 */;
CREATE TABLE `bus_stop_return` (
  `id` bigint NOT NULL AUTO_INCREMENT,
  `lat` double DEFAULT NULL,
  `lng` double DEFAULT NULL,
  `name` varchar(255) DEFAULT NULL,
  `stop_order` int DEFAULT NULL,
  `route_id` bigint DEFAULT NULL,
  PRIMARY KEY (`id`),
  KEY `FKhrkw2v9kyt7uij7fsxa1qa8em` (`route_id`),
  CONSTRAINT `FKhrkw2v9kyt7uij7fsxa1qa8em` FOREIGN KEY (`route_id`) REFERENCES `bus_route` (`id`)
) ENGINE=InnoDB AUTO_INCREMENT=737 DEFAULT CHARSET=utf8mb4 COLLATE=utf8mb4_0900_ai_ci;
/*!40101 SET character_set_client = @saved_cs_client */;

--
-- Dumping data for table `bus_stop_return`
--

/*!40000 ALTER TABLE `bus_stop_return` DISABLE KEYS */;
INSERT INTO `bus_stop_return` VALUES (1,10.751246,106.652693,'Bến xe buýt Chợ Lớn',1,1),(2,10.750334,106.653093,'Tháp Mười',2,1),(3,10.750689,106.655086,'Chợ Kim Biên',3,1),(4,10.751372,106.659219,'Bưu điện Quận 5',4,1),(5,10.752524,106.658897,'Rạp Đại Quang',5,1),(6,10.752951,106.660423,'Lương Nhữ Học',6,1),(7,10.753077,106.662081,'Triệu Quang Phục',7,1),(8,10.753315,106.663502,'Đại học Sư phạm Thể dục thể thao',8,1),(9,10.753591,106.664919,'Siêu thị Điện máy Chợ Lớn',9,1),(10,10.753952,106.666933,'Ngô Quyền',10,1),(11,10.754287,106.668577,'Chung cư Nguyễn Trãi',11,1),(12,10.754601,106.670237,'Bệnh viện Nguyễn Tri Phương',12,1),(13,10.755241,106.673223,'Trần Phú',13,1),(14,10.755784,106.675114,'Bệnh viện Nguyễn Trãi',14,1),(15,10.75433,106.678298,'Bệnh viện Chấn Thương Chỉnh hình',15,1),(16,10.754871,106.680065,'Trần Bình Trọng',16,1),(17,10.756015,106.684402,'Nguyễn Biểu',17,1),(18,10.757117,106.686044,'Chợ Nanci',18,1),(19,10.759726,106.688324,'Tổng Cty Samco',19,1),(20,10.760655,106.689134,'Sở PCCC',20,1),(21,10.762414,106.690695,'Hồ Hảo Hớn',21,1),(22,10.763566,106.691674,'Bệnh Viện Răng Hàm Mặt',22,1),(23,10.764771,106.692741,'Rạp Trần Hưng Đạo',23,1),(24,10.767128,106.694788,'KTX Trần Hưng Đạo',24,1),(25,10.768325,106.695904,'Nguyễn Kim',25,1),(26,10.770811,106.700766,'Trạm Trung chuyển trên đường Hàm Nghi',26,1),(27,10.770769,106.701523,'Nam Kỳ Khởi Nghĩa',27,1),(28,10.770745,106.702081,'Chợ Cũ',28,1),(29,10.770687,106.703095,'Giao lộ Hàm Nghi - Tôn Thất Đạm',29,1),(30,10.770705,106.704063,'Hồ Tùng Mậu',30,1),(31,10.774108,106.706678,'Bến Bạch Đằng',31,1),(32,10.776093,106.70575,'Công Trường Mê Linh',32,1),(33,10.776865,106.705793,'Công Trường Mê Linh',33,1),(34,10.877627,106.641881,'Bến xe buýt Hiệp Thành',1,145),(35,10.877297,106.64083,'Trường Mầm non Họa Mi 2',2,145),(36,10.878164,106.638928,'Nhà Văn hóa Lao động Quận 12',3,145),(37,10.880458,106.634738,'Hiệp Thành 11',4,145),(38,10.881434,106.633113,'KCN Tân Thới Hiệp',5,145),(39,10.882994,106.630125,'Ngã ba Đông Quang',6,145),(40,10.882034,106.62828,'Cây xăng Sài Gòn Petro',7,145),(41,10.878877,106.626075,'Trường Tiểu học Nguyễn Trãi',8,145),(42,10.876953,106.624401,'Tân Chánh Hiệp 39',9,145),(43,10.875129,106.622813,'Tân Chánh Hiệp 07',10,145),(44,10.872357,106.620265,'Cây xăng Hiệp Thành',11,145),(45,10.870533,106.618592,'Bùi Văn Ngữ',12,145),(46,10.868108,106.616086,'Tô Ký',13,145),(47,10.866509,106.614791,'Trường THCS Trung Mỹ Tây 1',14,145),(48,10.864119,106.613005,'Trung Mỹ - Tân Xuân',15,145),(49,10.860906,106.610762,'Giáo xứ Trung Chánh',16,145),(50,10.85794,106.608936,'Trường CĐ GTVT',17,145),(51,10.856445,106.60793,'Trung tâm văn hóa Quận 12',18,145),(52,10.853414,106.608219,'Ngã tư Trung Chánh',19,145),(53,10.849627,106.610612,'Cư xá Bà Điểm',20,145),(54,10.845233,106.613267,'Bến xe An Sương',21,145),(55,10.838798,106.617277,'Bitis',22,145),(56,10.834518,106.620206,'Chùa Lạc Quang',23,145),(57,10.831977,106.621837,'Chùa Vĩnh Phước',24,145),(58,10.826193,106.625689,'Cầu Tham Lương - Siêu thị Thiên Hòa',25,145),(59,10.82207,106.629921,'Trạm Dệt Thành Công',26,145),(60,10.819714,106.630554,'Trạm KCN Tân Bình',27,145),(61,10.814468,106.63226,'Ngã 3 Chế Lan Viên',28,145),(62,10.808636,106.633912,'Trạm Đài Liệt Sỹ',29,145),(63,10.806084,106.636058,'Thượng Uyển',30,145),(64,10.80349,106.637831,'Ngã tư Tân Kỳ Tân Quý',31,145),(65,10.802346,106.640213,'ETown',32,145),(66,10.801977,106.64426,'Ngã ba Bình Giã',33,145),(67,10.801492,106.650394,'Công ty Lô Hội',34,145),(68,10.801247,106.653565,'Pico Plaza',35,145),(69,10.800965,106.656615,'Ngã ba Út Tịch',36,145),(70,10.800775,106.658766,'Siêu thị Maximart Cộng Hòa',37,145),(71,10.798766,106.659152,'Vòng xoay Lăng Cha Cả',38,145),(72,10.797105,106.657484,'Công an Quận Tân Bình',39,145),(73,10.796104,106.655145,'Hội Chợ Triển lãm Tân Bình',40,145),(74,10.795972,106.654013,'Trường Phạm Ngũ Lão',41,145),(75,10.794237,106.652162,'Cây xăng Đôi',42,145),(76,10.792093,106.652822,'Bệnh viện Thống Nhất',43,145),(77,10.788518,106.651762,'Cây xăng Lạc Long Quân',44,145),(78,10.784224,106.650775,'Công Thọ',45,145),(79,10.781441,106.649965,'Ni sư Huỳnh Liên',46,145),(80,10.777842,106.649775,'Chùa Giác Lâm',47,145),(81,10.775485,106.648386,'Ngã tư Lạc Long Quân',48,145),(82,10.774187,106.647415,'Âu Cơ',49,145),(83,10.770244,106.6447,'Trạm Đăng Kiểm',50,145),(84,10.767923,106.642925,'Trường Lê Quý Đôn',51,145),(85,10.765123,106.64205,'Cổng 1 Đầm Sen',52,145),(86,10.763684,106.644604,'Công an Phường 10',53,145),(87,10.762007,106.644448,'Đội Cung',54,145),(88,10.759476,106.643976,'Trường Tiểu học Thái Phiên',55,145),(89,10.757403,106.643611,'UBND phường 2',56,145),(90,10.755247,106.64315,'Cây Gõ',57,145),(91,10.753934,106.643981,'Trường Nguyễn Đức Cảnh',58,145),(92,10.753717,106.646031,'Chùa Nam Phổ Đà',59,145),(93,10.753469,106.648171,'Lò Siêu',60,145),(94,10.751188,106.650958,'Bến xe buýt Chợ Lớn - B',61,145),(95,10.8932948,106.6733033,'Thạnh Xuân',1,3),(96,10.8975133,106.6890441,'Chợ Đường',2,3),(97,10.8948963,106.6885147,'Chùa Báo Ấn',3,3),(98,10.8925376,106.6872032,'Cầu Phú Long',4,3),(99,10.8889446,106.6851314,'Cầu Ông Dung',5,3),(100,10.8862736,106.6828655,'Cây xăng Thanh Bình',6,3),(101,10.8840411,106.680837,'Trường Nguyễn Văn Thệ',7,3),(102,10.8810848,106.679219,'Trường Điện lực 2',8,3),(103,10.8789423,106.6782775,'Chợ Thạnh Xuân',9,3),(104,10.8750523,106.6767753,'Ga ra Thanh Hậu',10,3),(105,10.8719552,106.6768332,'Vườn kiểng Quang Dũng',11,3),(106,10.8680621,106.678314,'Cây xăng Tài Lộc',12,3),(107,10.86492,106.6803678,'Đình thần Giao Khẩu',13,3),(108,10.8579377,106.6796912,'Ngã tư Ga',14,3),(109,10.8534696,106.6791395,'Nhà hàng Bến Xưa',15,3),(110,10.84879,106.6785445,'Cầu An Lộc',16,3),(111,10.8469995,106.6783213,'Bến Đò',17,3),(112,10.8439719,106.6772363,'Bưu điện An Nhơn',18,3),(113,10.8415871,106.6764039,'Ngã tư An Nhơn',19,3),(114,10.8395033,106.675739,'Đài liệt sĩ',20,3),(115,10.8369333,106.6754577,'Trường Vinhempic',21,3),(116,10.8349731,106.6755864,'Cư xá Lam Sơn',22,3),(117,10.8316752,106.6769212,'Ngã tư Phan Văn Trị',23,3),(118,10.8284951,106.6788602,'Cầu vượt Ngã sáu Gò Vấp',24,3),(119,10.8237109,106.678986,'Cầu vượt Ngã sáu Gò Vấp',25,3),(120,10.8200217,106.6787507,'Bệnh viện 175',26,3),(121,10.8167716,106.6786775,'Chợ Tân Sơn Nhất',27,3),(122,10.8133403,106.6775919,'Đầu công viên Gia Định',28,3),(123,10.8101063,106.6748944,'Cuối công viên Gia Định',29,3),(124,10.8079879,106.6740936,'Đầu đường Đào Duy Anh',30,3),(125,10.8059264,106.6772195,'Cuối đường Đào Duy Anh',31,3),(126,10.8048707,106.6777718,'Ngã ba Đào Duy Anh',32,3),(127,10.8023965,106.6763886,'Tháp nước',33,3),(128,10.7999921,106.6750228,'Trung tâm hội nghị tiệc cưới White Palace',34,3),(129,10.7991173,106.6791544,'Ngã tư Phú Nhuận',35,3),(130,10.7984236,106.6806005,'Trường Cao đẳng Kinh tế Đối ngoại',36,3),(131,10.7952238,106.6826399,'Chợ Phú Nhuận',37,3),(132,10.7931151,106.6852803,'Cầu Kiệu',38,3),(133,10.7909914,106.6879584,'Trần Quang Khải',39,3),(134,10.7890413,106.6904556,'Chợ Tân Định',40,3),(135,10.7871928,106.6927446,'Công viên Lê Văn Tám',41,3),(136,10.7840612,106.6966375,'Trần Cao Vân',42,3),(137,10.7819798,106.6990284,'Lê Duẩn',43,3),(138,10.7793394,106.7018959,'Bệnh viện Nhi Đồng 2',44,3),(139,10.7778905,106.7035256,'Nhà hát Thành phố',45,3),(140,10.7759881,106.7056045,'Công trường Mê Linh',46,3),(141,10.7733704,106.7063876,'Bến Bạch Đằng',47,3),(142,10.7708759,106.7055179,'Cục Hải Quan Thành phố',48,3),(143,10.7709914,106.7030831,'Chợ cũ',49,3),(144,10.7710549,106.7018406,'Cao đẳng Kỹ thuật Cao Thắng',50,3),(145,10.7711451,106.6998113,'Trạm trung chuyển Hàm Nghi',51,3),(146,10.7709974,106.6959714,'Khách sạn New World',52,3),(147,10.7699494,106.6934155,'Nguyễn Thị Nghĩa',53,3),(148,10.768731,106.6903772,'Tôn Thất Tùng',54,3),(149,10.7676825,106.6895544,'Bến xe buýt Sài Gòn',55,3),(150,10.8776323,106.6418865,'Bến xe buýt Hiệp Thành',1,48),(151,10.8767405,106.6440134,'Hiệp Thành 31',2,48),(152,10.8757152,106.6461816,'Nghĩa trang Vĩnh Nghiêm',3,48),(153,10.8725069,106.6444387,'Trường Võ Trường Toản',4,48),(154,10.8699932,106.6429525,'Trường Lê Văn Thọ',5,48),(155,10.8708284,106.6400898,'Trần Thị Do',6,48),(156,10.8714278,106.6373912,'Nguyễn Thị Kiểu',7,48),(157,10.8667829,106.6350531,'Huỳnh Thị Hai',8,48),(158,10.8632342,106.6331513,'Tân Chánh Hiệp 10',9,48),(159,10.8602104,106.6309924,'Bệnh viện Quận 12',10,48),(160,10.8577015,106.6279803,'Trường mẫu giáo Nai By',11,48),(161,10.8567423,106.6244233,'Tân Chánh Hiệp 36',12,48),(162,10.8558257,106.622716,'Đông Bắc',13,48),(163,10.8567477,106.6207996,'Điện lực Hóc Môn',14,48),(164,10.8579505,106.6190881,'Chiếc nón Kỳ Diệu',15,48),(165,10.860468,106.6175498,'Chợ Tân Chánh Hiệp',16,48),(166,10.8628392,106.6170133,'Doanh trại Quân Đội',17,48),(167,10.8656102,106.6161948,'Trường ĐH Lao động Xã hội',18,48),(168,10.866479,106.6148345,'Trường THCS Trung Mỹ Tây 1',19,48),(169,10.8640726,106.6130647,'Trung Mỹ - Tân Xuân',20,48),(170,10.8608604,106.610839,'Giáo xứ Trung Chánh',21,48),(171,10.8579406,106.6089319,'Trường CĐ GTVT',22,48),(172,10.856436,106.6079386,'Trung tâm văn hóa Quận 12',23,48),(173,10.8546455,106.6066169,'Ngã tư Trung Chánh',24,48),(174,10.8515661,106.6038463,'Hậu Lân - Bà Điểm',25,48),(175,10.8490925,106.6018468,'Cua chữ S',26,48),(176,10.8463159,106.6002225,'Nguyễn Thị Sóc',27,48),(177,10.8411817,106.5992819,'Trường Phan Công Hớn',28,48),(178,10.8394671,106.6000939,'Chợ Bà Điểm',29,48),(179,10.8379356,106.5995235,'Chùa Giác Hoàng',30,48),(180,10.8362242,106.5985212,'Nhà Hàng Ngọc Huyền',31,48),(181,10.8341644,106.5973595,'Bưu điện Phan Văn Đối',32,48),(182,10.8318789,106.5962752,'Chung cu Hoàng Hải',33,48),(183,10.8260629,106.5923276,'công ty Cholimex',34,48),(184,10.8245631,106.5911443,'Công ty Jonton',35,48),(185,10.8227221,106.5894299,'KCN Vĩnh Lộc',36,48),(186,10.8208884,106.5876092,'Quỳnh Tiên',37,48),(187,10.8188113,106.5855207,'xã Nhị Bình',38,48),(188,10.8138366,106.5804458,'Nguyễn Thị Tú',39,48),(189,10.814635,106.5839812,'Thép Quốc Thái',40,48),(190,10.8151103,106.5863811,'Công ty Thịnh Khang',41,48),(191,10.8152375,106.5896312,'Cafe Gia Nguyễn',42,48),(192,10.8154359,106.5925661,'Nhà hàng tiệc cưới Thịnh Phước',43,48),(193,10.8156111,106.594877,'Công ty Bảo Ngọc Châu',44,48),(194,10.8157572,106.6027811,'Nguyễn Thị Tú',45,48),(195,10.8145577,106.6050066,'Từ bảo Nghi',46,48),(196,10.8118884,106.6094316,'Công Ty bánh Givral',47,48),(197,10.8099839,106.6132443,'Trạm Đường CN 13',48,48),(198,10.8089424,106.6158972,'Trạm Kênh 19/5',49,48),(199,10.8077962,106.6198625,'Tây Thạnh',50,48),(200,10.8072753,106.6223611,'Trạm Bờ Bao Tân Thắng',51,48),(201,10.8067384,106.6248987,'Nguyễn Hữu Tiến',52,48),(202,10.807419,106.6272879,'Lê Trọng Tấn',53,48),(203,10.8104332,106.6270392,'Trung tâm Văn Hóa Quận Tân Phú',54,48),(204,10.8117501,106.6280975,'Lưu Chí Hiếu',55,48),(205,10.8125236,106.6325093,'Trường Chinh',56,48),(206,10.8091261,106.6334434,'Bến xe buýt Tân Phú',57,48),(207,10.9131577,106.5651665,'Bến xe buýt Hóc Môn',1,24),(208,10.911496,106.5675042,'Công ty thoát nước đô thị',2,24),(209,10.9061315,106.5713,'Cây xăng Hoàng Anh 2',3,24),(210,10.8996315,106.5758517,'Ngã 3 Hồng Châu',4,24),(211,10.8959863,106.5784035,'Doanh trại Quân Đội',5,24),(212,10.892298,106.5809665,'Ngã 3 Lam Sơn',6,24),(213,10.8880604,106.5839469,'Dân Thắng',7,24),(214,10.8848129,106.5877549,'Ngã tư Hóc Môn',8,24),(215,10.8869945,106.5908053,'Ngân hàng BIDV',9,24),(216,10.8880612,106.5939717,'Ngân hàng Nông Nghiệp',10,24),(217,10.8880986,106.5990215,'Công An Hóc Môn',11,24),(218,10.8879219,106.6011607,'Ngã 3 chùa',12,24),(219,10.8863935,106.6041641,'Cây xăng',13,24),(220,10.8840816,106.6065066,'Hoa Viên Trúc Lâm',14,24),(221,10.881305,106.6084424,'Cống Đôi',15,24),(222,10.878563,106.609821,'gỗ Tám Chín',16,24),(223,10.8741783,106.6120249,'Cây kiểng Bảy Châu',17,24),(224,10.8712091,106.6140973,'Chùa Thiên Quang',18,24),(225,10.8686766,106.6152542,'Trường Trung học phổ thông Nguyễn Hữu Cầu',19,24),(226,10.8662285,106.6158715,'Trường ĐH Lao động Xã hội',20,24),(227,10.8634134,106.6167691,'Doanh trại Quân Đội',21,24),(228,10.8600027,106.6175655,'Chợ Tân Chánh Hiệp',22,24),(229,10.8583509,106.6183741,'Chiếc nón Kỳ Diệu',23,24),(230,10.8565006,106.6210142,'Điện lực Hóc Môn',24,24),(231,10.8552293,106.6236253,'Đông Bắc',25,24),(232,10.8530991,106.6259414,'Công viên Phần mềm Quang Trung',26,24),(233,10.8495202,106.6321567,'Cầu vượt Quang Trung',27,24),(234,10.848155,106.6340252,'Chợ Cầu',28,24),(235,10.8450313,106.63893,'Chợ Cầu',29,24),(236,10.8437309,106.6407747,'Ngã tư Cầu cống',30,24),(237,10.8419697,106.6434822,'Công ty Đồng Tâm',31,24),(238,10.8409176,106.6449864,'Làng SOS',32,24),(239,10.8390477,106.6477731,'Ngã ba Tân Sơn',33,24),(240,10.8385076,106.6498331,'Dệt may Phương Đông',34,24),(241,10.8375308,106.6537446,'Trường THPT Nguyễn Công Trứ',35,24),(242,10.8365939,106.6574207,'Chợ Hạnh Thông Tây',36,24),(243,10.8356606,106.6611998,'City Mart',37,24),(244,10.8350641,106.6631358,'Chùa Huỳnh Kim',38,24),(245,10.8332286,106.6661438,'VKSND Quận Gò Vấp',39,24),(246,10.8306291,106.669452,'UBND Quận Gò Vấp',40,24),(247,10.8291979,106.671931,'Nhà Thờ Xóm Thuốc',41,24),(248,10.828465,106.67396,'Xóm thuốc',42,24),(249,10.8274963,106.6767504,'Công ty 32',43,24),(250,10.8267984,106.6788183,'Siêu thị Văn Lang',44,24),(251,10.8262729,106.6827082,'Chi cục Thuế Quận Gò Vấp',45,24),(252,10.8252982,106.6848077,'Chùa Bà Thiên Hậu',46,24),(253,10.8223941,106.6882625,'Trường Đại học Công nghiệp',47,24),(254,10.8178842,106.6891579,'Ngã Ba Nguyên Hồng',48,24),(255,10.8152567,106.6889705,'Chùa Già Lam',49,24),(256,10.8120098,106.6904573,'Ngã Tư Xóm Gà',50,24),(257,10.8094005,106.6931074,'Chùa Hưng Gia Tự',51,24),(258,10.8069953,106.6965227,'Cây Xăng 178',52,24),(259,10.803247,106.698343,'Trường TH Nguyễn Đình Chiểu',53,24),(260,10.8029565,106.6994287,'Chợ Bà Chiểu',54,24),(261,10.8036395,106.7011521,'Tòa Án nhân dân Quận Bình Thạnh',55,24),(262,10.8033062,106.7039798,'Chùa Bồ Đề',56,24),(263,10.8030956,106.7067035,'Nhà thờ Hàng Xanh',57,24),(264,10.8027818,106.7105476,'Chợ Hàng Xanh',58,24),(265,10.803245,106.7115312,'Ngã Ba Hàng Xanh',59,24),(266,10.8087344,106.7119251,'Đài Liệt sĩ',60,24),(267,10.8107732,106.712439,'Siêu thị Coop Mart',61,24),(268,10.8123148,106.7125732,'Cổng ra - Bến xe Miền Đông 2',62,24),(269,10.8165864,106.7111727,'Cổng vào-Bến xe Miền Đông',63,24),(270,10.8149424,106.7107009,'Bến xe Miền Đông',64,24),(561,10.8785678,106.8149833,'Bến xe Miền Đông mới',1,150),(562,10.8710847,106.8142267,'Đường Hoàng Hữu Nam',2,150),(563,10.8708173,106.8122134,'Ngã ba Lâm Viên 1',3,150),(564,10.8715041,106.8093221,'Nghĩa trang liệt sĩ Tp.HCM',4,150),(565,10.8735896,106.8094987,'Nghĩa trang liệt sĩ TP.HCM',5,150),(566,10.8716254,106.8067183,'Đại học An Ninh Nhân Dân',6,150),(567,10.8692156,106.8047079,'Trường giáo dục Quốc phòng',7,150),(568,10.8660108,106.8009432,'Khu DL Suối Tiên',8,150),(569,10.8639288,106.7974502,'Câu vượt Trạm 2',9,150),(570,10.8599964,106.7908142,'Khu Công nghệ cao Q9',10,150),(571,10.8586682,106.7886396,'Xa Lộ Hà Nội',11,150),(572,10.8568575,106.7855236,'Công ty Cocacola',12,150),(573,10.8483995,106.7730954,'Ngã tư Thủ Đức',13,150),(574,10.8455853,106.7713827,'Ga metro Thủ Đức',14,150),(575,10.8442279,106.7707187,'Betong Hải Âu',15,150),(576,10.8407575,106.7687314,'UBND Quận 9',16,150),(577,10.8349107,106.7653111,'Ngã 4 Bình Thái',17,150),(578,10.8311989,106.7632351,'Công ty truyền tải điện 4',18,150),(579,10.8254524,106.7599977,'Ngã 4 Tây Hòa (RMK)',19,150),(580,10.8203721,106.7580609,'Xi măng Hà Tiên',20,150),(581,10.8029737,106.7479175,'Cát Lái',21,150),(582,10.8021132,106.7430936,'Metro Quận 2',22,150),(583,10.8018341,106.74162,'Ga An Phú',23,150),(584,10.8012876,106.7387515,'Thảo Điền',24,150),(585,10.8004536,106.7342359,'Cầu Đen',25,150),(586,10.7989394,106.719624,'Cầu Sài Gòn',26,150),(587,10.800262,106.7172175,'Khu Du lịch Văn Thánh',27,150),(588,10.8012487,106.7148097,'Đại học Hutech',28,150),(589,10.8016703,106.7128909,'Cây xăng dầu',29,150),(590,10.8014918,106.709851,'Vòng xoay Hàng Xanh',30,150),(591,10.7997324,106.7062401,'Đại học Hồng Bàng',31,150),(592,10.796765,106.7031914,'Trạm Điện Nguyễn Cửu Vân',32,150),(593,10.795104,106.7016883,'Cầu Điện Biên Phủ',33,150),(594,10.7912552,106.7005492,'Nguyễn Văn Thủ',34,150),(595,10.7889094,106.6998215,'UBND Phường Dakao',35,150),(596,10.7869617,106.6980755,'Mạc Đỉnh Chi',36,150),(597,10.7852597,106.6964717,'Hai Bà Trưng',37,150),(598,10.7828867,106.694204,'Đại học Kinh tế',38,150),(599,10.7807579,106.6921965,'Coop Mart Nguyễn Đình Chiểu',39,150),(600,10.7781607,106.68974,'Trương Định',40,150),(601,10.7746712,106.6864365,'Cách mạng Tháng Tám',41,150),(602,10.7722404,106.6841467,'Chợ Vườn Chuối',42,150),(603,10.7696813,106.681737,'Cao thắng',43,150),(604,10.7682516,106.6803738,'Chợ Bàn Cờ',44,150),(605,10.7670943,106.6792694,'Lý Thái Tổ',45,150),(606,10.7666284,106.6781449,'Nguyễn Đình Chiểu',46,150),(607,10.7673926,106.6756642,'Hồ Thị Kỷ',47,150),(608,10.7664506,106.6734569,'Đài tưởng niệm',48,150),(609,10.763246,106.6711831,'Hòa Hảo',49,150),(610,10.7608324,106.6695123,'Trường Khiếm thị Nguyễn Đình Chiểu',50,150),(611,10.758785,106.668054,'Ngô Gia Tự',51,150),(612,10.7573534,106.6669947,'Trung tâm giáo dục thường xuyên',52,150),(613,10.7559161,106.6645359,'Bệnh viện Phạm Ngọc Thạch',53,150),(614,10.7552162,106.6609608,'Hùng Vương Plaza',54,150),(615,10.7548685,106.6594476,'Bệnh viện Chợ Rẫy',55,150),(616,10.7545775,106.6580091,'Thuận Kiều Plaza',56,150),(617,10.754153,106.6555509,'Dương Tử Giang',57,150),(618,10.7533307,106.6523292,'Bến xe buýt Chợ Lớn',58,150),(678,10.8718913,106.5355802,'Bến xe buýt Cầu Lớn',1,23),(679,10.8715401,106.5363757,'Trường THCS Nguyễn Văn Bứa',2,23),(680,10.8711907,106.538254,'Trường Nhị Xuân',3,23),(681,10.8705475,106.5420757,'Trạm lò muối',4,23),(682,10.8700054,106.5459251,'Thái Sơn',5,23),(683,10.8693071,106.551095,'Trường Nguyễn Văn Cừ',6,23),(684,10.867609,106.55921,'Ngã 3 Giồng',7,23),(685,10.8661521,106.562475,'Dương Công Khi',8,23),(686,10.8645489,106.5659047,'Xuân Thới Thượng 14',9,23),(687,10.8634572,106.5679919,'Chợ Xuân Thới Thượng',10,23),(688,10.8629117,106.5698473,'Trường THCS Xuân Thới Thượng',11,23),(689,10.8606188,106.5747802,'Trường tiểu học Ngã 3 Giồng',12,23),(690,10.8571967,106.5788466,'Trường Xuân Thới Thượng',13,23),(691,10.8544324,106.5821333,'Xuân Thới Thượng 28',14,23),(692,10.850909,106.5863103,'Phạm Văn Sáng',15,23),(693,10.8487728,106.5889093,'Chợ Đại Hải',16,23),(694,10.845348,106.5932963,'Kênh tiêu Bà Điểm',17,23),(695,10.8421665,106.596745,'Cây xăng Tây Lân',18,23),(696,10.8409822,106.5981119,'Đình Tân Thới Nhất',19,23),(697,10.8394671,106.6000939,'Chợ Bà Điểm',20,23),(698,10.8373766,106.6026032,'Nguyễn Văn Cừ',21,23),(699,10.8352573,106.6056543,'Ngã tư Bà Điểm',22,23),(700,10.8333729,106.6083442,'Nhà sách Nhân Văn',23,23),(701,10.8309611,106.6125279,'Trường Nghệ thuật và Du Lịch',24,23),(702,10.8294172,106.6155644,'Chùa Bửu Tạng',25,23),(703,10.8284932,106.6185605,'Công ty Thuận Kiều',26,23),(704,10.8273745,106.6239124,'Công ty thời trang Sài Gòn',27,23),(705,10.8262527,106.6257874,'Cầu Tham Lương - Siêu thị Thiên Hòa',28,23),(706,10.8220446,106.629927,'Trạm Dệt Thành Công',29,23),(707,10.8197459,106.6306651,'Trạm KCN Tân Bình',30,23),(708,10.8144752,106.6322747,'Ngã 3 Chế Lan Viên',31,23),(709,10.8086734,106.6340665,'Trạm Đài Liệt Sỹ',32,23),(710,10.8063153,106.6347712,'Siêu thị BigC',33,23),(711,10.8047905,106.6353958,'Trạm Tân Kỳ Tân Quý',34,23),(712,10.8012641,106.6376031,'Chợ Võ Thành Trang',35,23),(713,10.7991248,106.6415737,'Ngã ba Trương Công Định',36,23),(714,10.7973041,106.6434693,'Ngã ba Trường Chinh',37,23),(715,10.793929,106.6424175,'Bàu Cát 2',38,23),(716,10.7916325,106.6414864,'Chợ Bàu Cát',39,23),(717,10.7895616,106.6403111,'Nguyễn Hồng Đào',40,23),(718,10.7866369,106.641308,'Trạm Ngã 4 Thoại Ngọc Hầu',41,23),(719,10.7836741,106.6424214,'Bệnh viện Quân Tân Phú',42,23),(720,10.7811873,106.642893,'Âu Cơ',43,23),(721,10.7779832,106.6414957,'Lê Ngã',44,23),(722,10.776328,106.6394526,'Trạm cầu số 2',45,23),(723,10.7726087,106.6375468,'Trạm Chùa',46,23),(724,10.7704414,106.637701,'Ngã 3 Hòa Bình - Khuông Việt',47,23),(725,10.7688207,106.6378686,'Thuỷ Tạ',48,23),(726,10.7679671,106.6397583,'Bãi xe buýt Đầm Sen',49,23),(727,10.7669975,106.6416186,'Ngã tư Hòa Bình',50,23),(728,10.7663892,106.643397,'Tòa án nhân dân Quận 11',51,23),(729,10.7657729,106.645177,'Ông Ích Khiêm',52,23),(730,10.7650637,106.6467602,'Chợ Lãnh Binh Thăng',53,23),(731,10.7632326,106.6502237,'Công viên Lãnh Binh Thăng',54,23),(732,10.7609302,106.6526599,'Trường Trung học Phú Thọ',55,23),(733,10.7580309,106.6534769,'Trạm Trần Quý - Tạ Uyên',56,23),(734,10.7552415,106.6537094,'Tạ Uyên',57,23),(735,10.753624,106.6525513,'Bến xe Chợ Lớn',58,23),(736,10.7511824,106.6509512,'Bến xe buýt Chợ Lớn',59,23);
/*!40000 ALTER TABLE `bus_stop_return` ENABLE KEYS */;

--
-- Table structure for table `users`
--

DROP TABLE IF EXISTS `users`;
/*!40101 SET @saved_cs_client     = @@character_set_client */;
/*!50503 SET character_set_client = utf8mb4 */;
CREATE TABLE `users` (
  `id` bigint NOT NULL AUTO_INCREMENT,
  `created_at` datetime(6) DEFAULT NULL,
  `full_name` varchar(255) DEFAULT NULL,
  `password` varchar(255) NOT NULL,
  `role` varchar(255) DEFAULT NULL,
  `username` varchar(255) NOT NULL,
  PRIMARY KEY (`id`),
  UNIQUE KEY `UKr43af9ap4edm43mmtq01oddj6` (`username`)
) ENGINE=InnoDB AUTO_INCREMENT=3 DEFAULT CHARSET=utf8mb4 COLLATE=utf8mb4_0900_ai_ci;
/*!40101 SET character_set_client = @saved_cs_client */;

--
-- Dumping data for table `users`
--

/*!40000 ALTER TABLE `users` DISABLE KEYS */;
INSERT INTO `users` VALUES (1,'2025-09-07 21:38:48.496012','Lê Nguyễn Duy Cường','$2a$10$lKFP5JmNdRg4pMiVcoVcI.cWYe0MnIN9chjFejsc4DB92Wctqn0Ma','student','Duy Cường'),(2,'2025-09-13 21:08:34.212812','Lê Thành','$2a$10$Qq2BmeafYgr65tIo4zN1YuVzZCZjbrJM.CS5lPRkc..SxnPxwbi06','student','Thanh1');
/*!40000 ALTER TABLE `users` ENABLE KEYS */;

--
-- Dumping routines for database 'bushcm'
--
/*!40103 SET TIME_ZONE=@OLD_TIME_ZONE */;

/*!40101 SET SQL_MODE=@OLD_SQL_MODE */;
/*!40014 SET FOREIGN_KEY_CHECKS=@OLD_FOREIGN_KEY_CHECKS */;
/*!40014 SET UNIQUE_CHECKS=@OLD_UNIQUE_CHECKS */;
/*!40101 SET CHARACTER_SET_CLIENT=@OLD_CHARACTER_SET_CLIENT */;
/*!40101 SET CHARACTER_SET_RESULTS=@OLD_CHARACTER_SET_RESULTS */;
/*!40101 SET COLLATION_CONNECTION=@OLD_COLLATION_CONNECTION */;
/*!40111 SET SQL_NOTES=@OLD_SQL_NOTES */;

-- Dump completed on 2025-09-15 21:17:07
